{"RuleTriggered": 4, "Violations": 4, "Details": {"algo-1": {"cpu": {"p25": 39.98125, "p50": 42.02250000000001, "p75": 44.47375, "p95": 68.41699999999999, "upper": 51.212500000000006, "lower": 33.24250000000001}, "gpu0": {"p25": 0.0, "p50": 0.0, "p75": 0.0, "p95": 47.0, "upper": 0.0, "lower": 0.0}, "gpu0_memory": {"p25": 0.0, "p50": 0.0, "p75": 0.0, "p95": 37.0, "upper": 0.0, "lower": 0.0}}, "last_timestamp": 1732209120000000}, "Datapoints": 1219, "RuleParameters": "cpu_threshold_p95:70\ngpu_threshold_p95:70\ngpu_memory_threshold_p95:70\npatience:1000\nwindow:500"}