{"RuleTriggered": 0, "Violations": 424, "Details": {"low_gpu_utilization": 968, "bottlenecks": {"1732209161.003097": {"GPUs": 1, "CPUs": 1}, "1732209162.00137": {"GPUs": 1, "CPUs": 4}, "1732209163.001826": {"GPUs": 1, "CPUs": 4}, "1732209164.001044": {"GPUs": 1, "CPUs": 3}, "1732209165.003894": {"GPUs": 1, "CPUs": 3}, "1732209169.00115": {"GPUs": 1, "CPUs": 4}, "1732209170.003897": {"GPUs": 1, "CPUs": 4}, "1732209171.003897": {"GPUs": 1, "CPUs": 4}, "1732209179.00139": {"GPUs": 1, "CPUs": 1}, "1732209184.001717": {"GPUs": 1, "CPUs": 1}, "1732209212.002938": {"GPUs": 1, "CPUs": 1}, "1732209213.001044": {"GPUs": 1, "CPUs": 1}, "1732209489.001854": {"GPUs": 1, "CPUs": 1}, "1732209491.00121": {"GPUs": 1, "CPUs": 1}, "1732209492.001148": {"GPUs": 1, "CPUs": 1}, "1732209493.001079": {"GPUs": 1, "CPUs": 1}, "1732209494.001094": {"GPUs": 1, "CPUs": 1}, "1732209496.001106": {"GPUs": 1, "CPUs": 1}, "1732209497.001084": {"GPUs": 1, "CPUs": 1}, "1732209504.001642": {"GPUs": 1, "CPUs": 1}, "1732209516.001933": {"GPUs": 1, "CPUs": 1}, "1732209523.001097": {"GPUs": 1, "CPUs": 1}, "1732209531.002103": {"GPUs": 1, "CPUs": 1}, "1732209538.001626": {"GPUs": 1, "CPUs": 1}, "1732209560.002053": {"GPUs": 1, "CPUs": 1}, "1732209564.001109": {"GPUs": 1, "CPUs": 1}, "1732209575.0011": {"GPUs": 1, "CPUs": 1}, "1732209576.001946": {"GPUs": 1, "CPUs": 1}, "1732209579.00155": {"GPUs": 1, "CPUs": 1}, "1732209586.001454": {"GPUs": 1, "CPUs": 1}, "1732209587.002031": {"GPUs": 1, "CPUs": 1}, "1732209593.001554": {"GPUs": 1, "CPUs": 1}, "1732209594.001619": {"GPUs": 1, "CPUs": 1}, "1732209595.001463": {"GPUs": 1, "CPUs": 1}, "1732209602.001061": {"GPUs": 1, "CPUs": 1}, "1732209605.001855": {"GPUs": 1, "CPUs": 1}, "1732209606.001081": {"GPUs": 1, "CPUs": 1}, "1732209607.001675": {"GPUs": 1, "CPUs": 1}, "1732209608.001828": {"GPUs": 1, "CPUs": 1}, "1732209611.001805": {"GPUs": 1, "CPUs": 1}, "1732209618.001467": {"GPUs": 1, "CPUs": 1}, "1732209619.001779": {"GPUs": 1, "CPUs": 1}, "1732209620.00175": {"GPUs": 1, "CPUs": 1}, "1732209621.001909": {"GPUs": 1, "CPUs": 1}, "1732209622.001729": {"GPUs": 1, "CPUs": 1}, "1732209624.001952": {"GPUs": 1, "CPUs": 1}, "1732209630.001042": {"GPUs": 1, "CPUs": 1}, "1732209633.001252": {"GPUs": 1, "CPUs": 1}, "1732209640.001726": {"GPUs": 1, "CPUs": 1}, "1732209642.001644": {"GPUs": 1, "CPUs": 1}, "1732209643.001332": {"GPUs": 1, "CPUs": 1}, "1732209644.00176": {"GPUs": 1, "CPUs": 1}, "1732209645.001575": {"GPUs": 1, "CPUs": 1}, "1732209648.001101": {"GPUs": 1, "CPUs": 1}, "1732209649.001948": {"GPUs": 1, "CPUs": 1}, "1732209650.001622": {"GPUs": 1, "CPUs": 1}, "1732209651.001087": {"GPUs": 1, "CPUs": 1}, "1732209654.001166": {"GPUs": 1, "CPUs": 1}, "1732209655.001099": {"GPUs": 1, "CPUs": 1}, "1732209657.001442": {"GPUs": 1, "CPUs": 1}, "1732209658.001625": {"GPUs": 1, "CPUs": 1}, "1732209659.001874": {"GPUs": 1, "CPUs": 1}, "1732209662.001218": {"GPUs": 1, "CPUs": 1}, "1732209663.001764": {"GPUs": 1, "CPUs": 1}, "1732209665.001333": {"GPUs": 1, "CPUs": 1}, "1732209667.001107": {"GPUs": 1, "CPUs": 1}, "1732209670.001149": {"GPUs": 1, "CPUs": 1}, "1732209671.001698": {"GPUs": 1, "CPUs": 1}, "1732209672.001662": {"GPUs": 1, "CPUs": 1}, "1732209674.001346": {"GPUs": 1, "CPUs": 1}, "1732209675.00145": {"GPUs": 1, "CPUs": 1}, "1732209680.001619": {"GPUs": 1, "CPUs": 1}, "1732209681.001566": {"GPUs": 1, "CPUs": 1}, "1732209683.001991": {"GPUs": 1, "CPUs": 1}, "1732209684.001216": {"GPUs": 1, "CPUs": 1}, "1732209685.001222": {"GPUs": 1, "CPUs": 1}, "1732209686.001738": {"GPUs": 1, "CPUs": 1}, "1732209687.001184": {"GPUs": 1, "CPUs": 1}, "1732209688.001758": {"GPUs": 1, "CPUs": 1}, "1732209691.001222": {"GPUs": 1, "CPUs": 1}, "1732209692.001844": {"GPUs": 1, "CPUs": 1}, "1732209701.00153": {"GPUs": 1, "CPUs": 1}, "1732209704.001092": {"GPUs": 1, "CPUs": 1}, "1732209705.002054": {"GPUs": 1, "CPUs": 1}, "1732209709.001152": {"GPUs": 1, "CPUs": 1}, "1732209710.001753": {"GPUs": 1, "CPUs": 1}, "1732209711.001124": {"GPUs": 1, "CPUs": 1}, "1732209716.001283": {"GPUs": 1, "CPUs": 1}, "1732209717.001213": {"GPUs": 1, "CPUs": 1}, "1732209718.001831": {"GPUs": 1, "CPUs": 1}, "1732209719.00194": {"GPUs": 1, "CPUs": 1}, "1732209720.001754": {"GPUs": 1, "CPUs": 1}, "1732209721.001843": {"GPUs": 1, "CPUs": 1}, "1732209722.001266": {"GPUs": 1, "CPUs": 1}, "1732209727.002022": {"GPUs": 1, "CPUs": 1}, "1732209728.001081": {"GPUs": 1, "CPUs": 1}, "1732209729.002084": {"GPUs": 1, "CPUs": 1}, "1732209732.001866": {"GPUs": 1, "CPUs": 1}, "1732209734.001098": {"GPUs": 1, "CPUs": 1}, "1732209735.001217": {"GPUs": 1, "CPUs": 1}, "1732209736.00204": {"GPUs": 1, "CPUs": 1}, "1732209739.001708": {"GPUs": 1, "CPUs": 1}, "1732209743.001283": {"GPUs": 1, "CPUs": 1}, "1732209744.001374": {"GPUs": 1, "CPUs": 1}, "1732209750.001514": {"GPUs": 1, "CPUs": 1}, "1732209752.001439": {"GPUs": 1, "CPUs": 1}, "1732209753.006617": {"GPUs": 1, "CPUs": 1}, "1732209754.001664": {"GPUs": 1, "CPUs": 1}, "1732209756.001296": {"GPUs": 1, "CPUs": 1}, "1732209761.001087": {"GPUs": 1, "CPUs": 1}, "1732209762.001062": {"GPUs": 1, "CPUs": 1}, "1732209764.001091": {"GPUs": 1, "CPUs": 1}, "1732209767.001534": {"GPUs": 1, "CPUs": 1}, "1732209768.001752": {"GPUs": 1, "CPUs": 1}, "1732209769.001607": {"GPUs": 1, "CPUs": 1}, "1732209770.002048": {"GPUs": 1, "CPUs": 1}, "1732209772.001795": {"GPUs": 1, "CPUs": 1}, "1732209775.00192": {"GPUs": 1, "CPUs": 1}, "1732209776.001441": {"GPUs": 1, "CPUs": 1}, "1732209779.001104": {"GPUs": 1, "CPUs": 1}, "1732209780.001491": {"GPUs": 1, "CPUs": 1}, "1732209782.001576": {"GPUs": 1, "CPUs": 1}, "1732209783.00108": {"GPUs": 1, "CPUs": 1}, "1732209785.001652": {"GPUs": 1, "CPUs": 1}, "1732209786.001365": {"GPUs": 1, "CPUs": 1}, "1732209787.001282": {"GPUs": 1, "CPUs": 1}, "1732209788.0028": {"GPUs": 1, "CPUs": 1}, "1732209789.001091": {"GPUs": 1, "CPUs": 1}, "1732209790.002": {"GPUs": 1, "CPUs": 1}, "1732209791.00119": {"GPUs": 1, "CPUs": 1}, "1732209792.001686": {"GPUs": 1, "CPUs": 1}, "1732209794.00181": {"GPUs": 1, "CPUs": 1}, "1732209795.001318": {"GPUs": 1, "CPUs": 1}, "1732209796.001228": {"GPUs": 1, "CPUs": 1}, "1732209797.0017": {"GPUs": 1, "CPUs": 1}, "1732209798.002004": {"GPUs": 1, "CPUs": 1}, "1732209801.001074": {"GPUs": 1, "CPUs": 1}, "1732209802.001992": {"GPUs": 1, "CPUs": 1}, "1732209803.00124": {"GPUs": 1, "CPUs": 1}, "1732209807.001108": {"GPUs": 1, "CPUs": 1}, "1732209808.001555": {"GPUs": 1, "CPUs": 1}, "1732209809.00107": {"GPUs": 1, "CPUs": 1}, "1732209815.001239": {"GPUs": 1, "CPUs": 1}, "1732209817.001473": {"GPUs": 1, "CPUs": 1}, "1732209819.001088": {"GPUs": 1, "CPUs": 1}, "1732209827.001271": {"GPUs": 1, "CPUs": 1}, "1732209829.001588": {"GPUs": 1, "CPUs": 1}, "1732209831.001897": {"GPUs": 1, "CPUs": 1}, "1732209833.001655": {"GPUs": 1, "CPUs": 1}, "1732209834.001657": {"GPUs": 1, "CPUs": 1}, "1732209835.001811": {"GPUs": 1, "CPUs": 1}, "1732209840.001834": {"GPUs": 1, "CPUs": 1}, "1732209841.001396": {"GPUs": 1, "CPUs": 1}, "1732209842.00177": {"GPUs": 1, "CPUs": 1}, "1732209843.002882": {"GPUs": 1, "CPUs": 1}, "1732209844.002004": {"GPUs": 1, "CPUs": 1}, "1732209846.001205": {"GPUs": 1, "CPUs": 1}, "1732209847.001468": {"GPUs": 1, "CPUs": 1}, "1732209848.0018": {"GPUs": 1, "CPUs": 1}, "1732209851.001383": {"GPUs": 1, "CPUs": 1}, "1732209852.001505": {"GPUs": 1, "CPUs": 1}, "1732209853.001091": {"GPUs": 1, "CPUs": 1}, "1732209854.001501": {"GPUs": 1, "CPUs": 1}, "1732209855.001882": {"GPUs": 1, "CPUs": 1}, "1732209856.001133": {"GPUs": 1, "CPUs": 1}, "1732209861.001092": {"GPUs": 1, "CPUs": 1}, "1732209864.001101": {"GPUs": 1, "CPUs": 1}, "1732209865.001456": {"GPUs": 1, "CPUs": 1}, "1732209866.001942": {"GPUs": 1, "CPUs": 1}, "1732209867.001567": {"GPUs": 1, "CPUs": 1}, "1732209868.001519": {"GPUs": 1, "CPUs": 1}, "1732209871.001326": {"GPUs": 1, "CPUs": 1}, "1732209873.001469": {"GPUs": 1, "CPUs": 1}, "1732209874.001902": {"GPUs": 1, "CPUs": 1}, "1732209875.002098": {"GPUs": 1, "CPUs": 1}, "1732209877.00185": {"GPUs": 1, "CPUs": 1},