{"RuleTriggered": 0, "Violations": 0, "Details": {"pin_memory": false, "num_workers": 0, "cores": 4, "dataloaders": 1, "dataloading_time": {"p25": 0.85040925, "p50": 0.9244665, "p95": 1.26958335, "probs": [2, 0, 0, 0, 0, 0, 0, 0, 0, 1, 0, 0, 1, 0, 0, 0, 0, 0, 0, 0, 0, 0, 1, 0, 0, 0, 0, 0, 1, 0, 0, 1, 0, 0, 0, 0, 0, 0, 0, 0, 0, 0, 0, 0, 0, 0, 0, 0, 0, 0, 0, 0, 0, 0, 0, 0, 0, 0, 0, 0, 0, 0, 0, 0, 0, 0, 0, 0, 0, 0, 0, 0, 1, 0, 0, 0, 0, 0, 0, 0, 0, 0, 0, 0, 0, 0, 0, 0, 0, 0, 0, 0, 0, 0, 0, 1, 0, 0, 0, 1], "binedges": [0.802636, 0.80740203, 0.81216806, 0.8169340900000001, 0.82170012, 0.82646615, 0.83123218, 0.8359982100000001, 0.84076424, 0.84553027, 0.8502963, 0.85506233, 0.8598283600000001, 0.86459439, 0.86936042, 0.87412645, 0.87889248, 0.8836585100000001, 0.88842454, 0.89319057, 0.8979566, 0.90272263, 0.9074886600000001, 0.91225469, 0.91702072, 0.92178675, 0.92655278, 0.93131881, 0.93608484, 0.94085087, 0.9456169, 0.95038293, 0.95514896, 0.95991499, 0.96468102, 0.9694470500000001, 0.97421308, 0.97897911, 0.98374514, 0.98851117, 0.9932772000000001, 0.9980432300000001, 1.00280926, 1.0075752900000001, 1.01234132, 1.01710735, 1.02187338, 1.02663941, 1.03140544, 1.03617147, 1.0409375, 1.04570353, 1.05046956, 1.0552355900000001, 1.06000162, 1.06476765, 1.0695336800000002, 1.07429971, 1.0790657399999999, 1.08383177, 1.0885978, 1.09336383, 1.09812986, 1.10289589, 1.10766192, 1.11242795, 1.1171939800000001, 1.12196001, 1.12672604, 1.13149207, 1.1362581, 1.14102413, 1.14579016, 1.15055619, 1.15532222, 1.16008825, 1.1648542800000001, 1.16962031, 1.17438634, 1.17915237, 1.1839184, 1.18868443, 1.19345046, 1.19821649, 1.20298252, 1.20774855, 1.2125145800000001, 1.21728061, 1.22204664, 1.2268126700000002, 1.2315787, 1.23634473, 1.24111076, 1.24587679, 1.25064282, 1.25540885, 1.26017488, 1.26494091, 1.26970694, 1.2744729700000001, 1.279239]}}, "Datapoints": 10, "RuleParameters": "min_threshold:70\nmax_threshold:200"}