{"RuleTriggered": 0, "Violations": 6, "Details": {"low_gpu_utilization": 968, "bottlenecks": {"1732209435.001592": {"GPUs": 1, "CPUs": 1}, "1732209473.001434": {"GPUs": 1, "CPUs": 1}, "1732209479.00157": {"GPUs": 1, "CPUs": 1}, "1732209480.001765": {"GPUs": 1, "CPUs": 1}, "1732209481.001085": {"GPUs": 1, "CPUs": 1}, "1732209482.0013": {"GPUs": 1, "CPUs": 1}}}, "Datapoints": 1221, "RuleParameters": "threshold:50\nio_threshold:50\ngpu_threshold:10\npatience:1000"}