{"RuleTriggered": 0, "Violations": 0, "Details": {"step_num": {"first": 1732209495067641, "last": 1732210379997854}, "job_start": 1732209160.001021, "job_end": 1732210379.002127}, "Datapoints": 980, "RuleParameters": "threshold:20"}