{"RuleTriggered": 0, "Violations": 0, "Details": {"step_details": {"algo-1-53": {"step_stats": {"mean": 0.04815146153846153, "max": 3.996396, "p99": 0.017535409999999994, "p95": 0.012617099999999996, "p50": 0.0094275, "min": 0.008183}, "number_of_outliers": 1, "phase": "Step:ModeKeys.EVAL", "stddev": 0.39, "probs": [3, 0, 5, 3, 1, 3, 1, 10, 9, 9, 4, 3, 1, 0, 2, 2, 4, 2, 2, 2, 1, 4, 6, 4, 1, 1, 2, 1, 3, 4, 1, 0, 1, 0, 0, 0, 1, 0, 1, 1, 0, 0, 0, 0, 0, 0, 0, 0, 1, 0, 0, 0, 0, 0, 1, 1, 0, 0, 0, 0, 0, 0, 0, 0, 0, 1, 0, 0, 0, 0, 0, 0, 0, 0, 0, 0, 0, 0, 0, 0, 0, 0, 0, 0, 0, 0, 0, 0, 0, 0, 0, 0, 0, 0, 0, 0, 0, 0, 0, 1], "binedges": [0.008183, 0.0082775, 0.008372, 0.0084665, 0.008561, 0.0086555, 0.008749999999999999, 0.0088445, 0.008938999999999999, 0.0090335, 0.009127999999999999, 0.0092225, 0.009316999999999999, 0.0094115, 0.009505999999999999, 0.0096005, 0.009694999999999999, 0.0097895, 0.009883999999999999, 0.0099785, 0.010072999999999999, 0.0101675, 0.010262, 0.0103565, 0.010450999999999998, 0.0105455, 0.01064, 0.0107345, 0.010829, 0.0109235, 0.011018, 0.011112499999999999, 0.011207, 0.011301499999999999, 0.011396, 0.011490499999999999, 0.011585, 0.011679499999999999, 0.011774, 0.0118685, 0.011963, 0.012057499999999999, 0.012152, 0.0122465, 0.012341, 0.012435499999999999, 0.01253, 0.0126245, 0.012719, 0.012813499999999999, 0.012908, 0.0130025, 0.013097, 0.013191499999999998, 0.013286, 0.0133805, 0.013475, 0.0135695, 0.013663999999999999, 0.0137585, 0.013853, 0.0139475, 0.014041999999999999, 0.0141365, 0.014231, 0.0143255, 0.014419999999999999, 0.0145145, 0.014609, 0.0147035, 0.014797999999999999, 0.0148925, 0.014987, 0.0150815, 0.015175999999999999, 0.0152705, 0.015365, 0.015459500000000001, 0.015554, 0.0156485, 0.015743, 0.0158375, 0.015932, 0.0160265, 0.016121, 0.0162155, 0.016309999999999998, 0.016404500000000002, 0.016499, 0.0165935, 0.016688, 0.0167825, 0.016877, 0.0169715, 0.017065999999999998, 0.017160500000000002, 0.017255, 0.0173495, 0.017444, 0.0175385, 0.017633], "step_numbers": ["0"]}}}, "Datapoints": 980, "RuleParameters": "threshold:3\nmode:None\nn_outliers:10\nstddev:3"}